trial_number,value,state,duration_seconds,param_n_estimators,param_learning_rate,param_num_leaves,param_max_depth,param_min_child_samples,param_subsample,param_colsample_bytree,param_reg_alpha,param_reg_lambda,param_min_split_gain
53,0.9703066177429922,COMPLETE,13.364569,793,0.11937325988894258,225,5,57,0.9381856133081973,0.982270929413998,0.010204863813578205,0.00010765477932610809,0.014126566113494998
51,0.9698703836122458,COMPLETE,6.103799,635,0.2311650880246067,207,4,51,0.9762057354034939,0.6108341316719589,0.013888592382422916,0.000259499096315062,0.009525525189081771
44,0.9698013491096216,COMPLETE,8.411365,716,0.19298007949969823,229,5,50,0.9343575255968983,0.6170610657923565,0.008397194884969343,0.00012167055770440323,0.0016054612878554134
57,0.9697380423859349,COMPLETE,9.902424,883,0.18897533689456328,193,4,55,0.964134830041579,0.9120323717745907,0.005229320472041611,0.00015438804969102567,0.016045626113030634
40,0.9697379171536369,COMPLETE,6.339025,801,0.2699325074904794,208,5,49,0.9038697010610572,0.5333164785036757,0.020087364825965393,0.00036963943864451015,0.0013582714308708259
43,0.9694482049270032,COMPLETE,7.360071,588,0.19363990414868582,222,5,49,0.9299729068245538,0.6094754251747592,0.009515757618531677,0.00011208131685609023,0.010809004859639162
39,0.9693938261806739,COMPLETE,6.069316,747,0.2866934236399563,214,5,47,0.8977625398127612,0.594144188167704,0.017084805110857533,0.0003999632804538744,0.001856635558649955
41,0.9692141631711658,COMPLETE,6.694932,739,0.2998874217817201,209,5,46,0.9025243833949976,0.5936672181680708,0.020171613945791853,0.00047970711325305267,0.00020236606855334794
56,0.9691620948851855,COMPLETE,10.323966,696,0.13740358937693894,233,5,65,0.9435465582982527,0.9907388489078927,0.03084545062427027,0.0002897449829365865,0.027202728094082865
34,0.968842054378099,COMPLETE,4.771058,733,0.28114229402414365,211,4,50,0.6033875555072613,0.5921560207920452,0.020967108518866455,0.001245802532754409,0.04960300314721537
46,0.9687247143170774,COMPLETE,7.031702,799,0.19827822483412932,231,5,35,0.870037615924501,0.5576071054505514,0.012023686808210678,0.0001993357366123361,0.012689478993441307
36,0.968495043192145,COMPLETE,4.630402,604,0.2860204786347134,222,3,12,0.6109295753868248,0.5944367009465393,0.019780715153624985,0.0012470167420612582,0.048129038175990436
48,0.9684489016041818,COMPLETE,5.88795,554,0.20130406561305203,253,6,68,0.9826631865966224,0.6161648835193675,0.03239121608002811,0.0002794085831218792,0.018210902172585367
50,0.9684331313746805,COMPLETE,6.723281,709,0.16203270379407955,216,4,48,0.9197760442836853,0.567812070871558,0.007236054233055155,0.0004977262472559721,0.03015198962733536
54,0.9683638204295263,COMPLETE,15.650897,549,0.11645227632020522,243,6,54,0.9297913731134388,0.9339129819304428,0.014418124047050234,0.00010628671513521314,0.022168941020879396
42,0.9683489655392612,COMPLETE,5.489895,825,0.27967413845700345,209,3,49,0.9046450629617985,0.5341816998295972,0.013236729111199327,0.00042933208704880137,0.004102585981847647
33,0.9681561978158464,COMPLETE,5.522794,735,0.1729296980509347,187,5,111,0.5421681591313166,0.5850435072028337,0.022636878196069955,0.0011448230751144378,0.052368633897809234
45,0.9681280796572463,COMPLETE,8.823635,593,0.11839922435821887,198,5,55,0.9258600113604089,0.6592885962103906,0.007865837493647576,0.00011532568940527345,0.0008632484284705572
17,0.9680463143049854,COMPLETE,19.850859,958,0.04238457594096138,130,10,112,0.7911424993025512,0.6958985332561847,0.0024912417260024742,0.003556652901501171,0.06798413935665336
35,0.9677040779986683,COMPLETE,7.069219,596,0.2371037673900375,219,4,18,0.6018412218204509,0.5950252998593979,0.02147741191148226,0.0010979887133103225,0.05232224842505204
55,0.9676562547379226,COMPLETE,16.127073,792,0.0726797629052793,225,6,60,0.9979992767990631,0.8619299663020914,0.008949095151881957,0.0001934679449846503,0.01089906790550578
29,0.9675082317195542,COMPLETE,6.841982,683,0.17454549253569251,181,7,114,0.5620899051788878,0.5540641094751152,0.04454857743911763,0.003280286760554021,0.08017314890339255
16,0.9673497097756817,COMPLETE,15.155004,908,0.05646852893814474,164,10,77,0.7969800413348305,0.5738702227496203,0.002910840500301431,0.0020415609520101196,0.06458895205310725
31,0.9672446850490406,COMPLETE,8.012011,994,0.13964282228955402,179,9,112,0.5609170573246357,0.6341896129323696,0.09509804652076663,0.003807255778914552,0.07251511030676697
52,0.9671624160873254,COMPLETE,5.03508,629,0.22757433522306147,205,3,39,0.9672291543835808,0.6633172521411398,0.0038084736481429336,0.0002518711096750392,0.0009173840515828941
20,0.9670788303359134,COMPLETE,26.585608,1038,0.02509273391326845,66,10,110,0.6426263731718396,0.6905444078503703,0.00040972417395190007,0.007093244741501456,0.117324904354004
30,0.9670485572411242,COMPLETE,8.814926,651,0.2136311708439921,190,7,120,0.566390035642468,0.5516629044789404,0.040427593951787286,0.0022631505935844817,0.08240760994931162
32,0.9670322378294537,COMPLETE,5.964755,963,0.15228733099607214,177,8,102,0.5632845718367653,0.6298544246705541,0.11134288816343754,0.003992264157475577,0.07113707732206541
5,0.9667564775252687,COMPLETE,11.733415,1167,0.08319514671870787,241,11,76,0.9609371175115584,0.5442462510259598,0.0006080390190296605,0.00015167330688076205,0.06506606615265287
19,0.96645675323084,COMPLETE,19.62244,883,0.0438506635512806,117,6,106,0.7171457152142315,0.8008105436657098,0.002818224579336682,0.10021853529026221,0.07960596559780786
21,0.9664067030742899,COMPLETE,24.66506,859,0.025849219024900536,59,10,110,0.8178622236674576,0.6864379565124593,0.0003670045963291323,0.005681841395983457,0.1150534129698294
23,0.9658199111472016,COMPLETE,16.596967,1033,0.055212029461069456,131,11,112,0.5974027371364072,0.8150093758975967,0.0018014189675870259,0.012485556258037043,0.11775401577327901
25,0.9656501256744999,COMPLETE,22.430916,975,0.03330111787051208,101,12,60,0.6412864834690031,0.624125494693629,0.005806392021992745,0.0016955806060812233,0.07473550360438348
11,0.9656090035970153,COMPLETE,5.465012,494,0.2202345038276798,248,8,77,0.5271452021146763,0.5034392951693698,0.9517886179447586,0.0008417003674670506,0.14941884328293906
13,0.9653227363982473,COMPLETE,7.798522,776,0.11119641747119677,244,12,79,0.9974894248552965,0.5787600873010279,0.0009971408414078337,0.0006663399222426237,0.14130054525618316
15,0.965119188580195,COMPLETE,5.295544,393,0.13726999259085548,235,9,59,0.510456783241702,0.5002167816074369,0.0009452657853428498,0.00025428527571253704,0.16529723856742792
12,0.9647736847663116,COMPLETE,8.26212,526,0.09099052372690618,255,9,69,0.5167929424672361,0.5015645979849143,0.96397579031595,0.0007183005201808482,0.14467291108826555
0,0.9640016278024989,COMPLETE,4.728591,512,0.22648248189516848,191,7,27,0.5779972601681014,0.5290418060840998,0.29154431891537513,0.02537815508265665,0.1416145155592091
14,0.9639992806814724,COMPLETE,25.161714,1198,0.02068514761435551,163,6,101,0.6924745509172271,0.7297841834842826,0.054255116339828005,0.00070322286134024,0.1049774683710124
58,0.9636932707355242,PRUNED,4.13606,881,0.10036185662426891,195,4,56,0.9706876391597669,0.9532761820499175,0.005499892306549042,0.00010181184073805306,0.01570348727245372
47,0.963044159098027,PRUNED,2.192682,475,0.11100888084951883,198,5,43,0.9454937457889807,0.5205706442623145,0.07570464299501493,0.00017023704454694882,0.025350167006213415
8,0.9630369783704444,COMPLETE,30.322706,1050,0.03499331111708852,94,-1,44,0.6625916610133735,0.864803089169032,0.035500125258511595,0.35387588647792356,0.09444298503238986
26,0.9613034623217923,PRUNED,12.52873,1087,0.01477545039429617,172,10,103,0.7021985595295969,0.6862253841573449,0.002198383633902419,0.00996632236091777,0.042679009119519114
28,0.9597989949748744,PRUNED,4.141481,837,0.059752639249652385,139,4,86,0.7899563517776084,0.716447962914689,0.0007576388998951964,0.00036718123854551576,0.10041025429300637
22,0.9501903553299492,PRUNED,9.423491,1050,0.01038970217861689,158,8,94,0.6502697655332504,0.6103126382189805,0.00010932889088391996,0.0016842186472712489,0.05448328771457152
18,0.9499841722063944,PRUNED,9.687116,925,0.010021548006327584,125,10,120,0.7976726088633679,0.7359209071621682,0.004399291577132083,0.003035917271756461,0.06238913314926804
9,0.9478022776026407,COMPLETE,5.949895,231,0.058451252572625234,198,6,95,0.7468977981821954,0.7613664146909971,0.005130551760589831,0.00012637946338082883,0.02157828539866089
24,0.9402339368690915,PRUNED,6.659133,675,0.011453352943096871,57,9,87,0.7568739837011526,0.6957382641583353,0.00045329204882542043,0.006773111378515267,0.03866117778172283
38,0.9310233160621761,PRUNED,1.534351,748,0.08431665718155346,228,2,33,0.5338329422510866,0.5251483572411283,0.008826763769519741,0.0013532248888546657,0.03212683863325922
59,0.9289652935452481,PRUNED,1.916051,816,0.07114911246114743,246,2,64,0.8615614380406342,0.9193285629676413,0.003771161671242685,0.00015590720217248703,0.03631172039304237
4,0.912552927543878,COMPLETE,6.735128,234,0.016850517723339092,23,11,38,0.831261142176991,0.6558555380447055,0.012030178871154668,0.015375920235481757,0.03697089110510541
37,0.9048953354211307,PRUNED,0.930931,428,0.2970871807107933,205,1,23,0.6152452343149758,0.6544642049612472,0.019782538024844414,0.00038253998921687805,0.015016819295456063
49,0.9026223484215801,PRUNED,0.960319,348,0.09180598438124944,238,2,29,0.8831100166338193,0.6391222416606992,0.19247225008278074,0.00013083424261724395,0.0071497839546973765
27,0.9018691588785047,PRUNED,5.439036,666,0.006912811195691631,63,7,96,0.8451228205537834,0.785209695842029,0.00010890878524106565,0.057349094171375715,0.12004823295027721
3,0.8962130115137336,COMPLETE,18.735697,768,0.0026448980183927102,30,12,117,0.9041986740582306,0.6523068845866853,0.00024586032763280086,0.054567254856014755,0.08803049874792027
7,0.8925162017774108,COMPLETE,23.713326,950,0.0031062960067335336,16,10,88,0.8645035840204937,0.8856351733429728,0.00019777828512462724,0.00271558195528294,0.023173811905025946
10,0.8765914106263792,PRUNED,17.650016,1168,0.0010347984019709355,151,8,13,0.9538323976412588,0.97988537297271,0.00143296980213247,0.6135465318705148,0.19847253309206744
1,0.8756465715295757,COMPLETE,1.226386,122,0.2526878207508456,215,1,30,0.5917022549267169,0.6521211214797689,0.012561043700013555,0.005342937261279773,0.058245828039608386
2,0.8614402257474073,COMPLETE,10.550163,773,0.0022158645374549917,85,4,60,0.8925879806965068,0.5998368910791798,0.011400863701127324,0.0234238498471129,0.009290082543999545
6,0.8578739976821455,COMPLETE,7.748882,527,0.0047007207684461256,214,3,41,0.7713480415791243,0.5704621124873813,0.16172900811143134,0.00019870215385428647,0.19737738732010346
